{
    "productdata": {
		"Mobiles": {
            "Nokia 6":{
            	"imageUrl":"nokia6",
            	"Display": "5.50-inch",
				"Processor":"1.1GHz octa-core",
				"Front Camera":"8-megapixel.", 
				"Resolution":"1080x1920 pixels",
				"RAM":"3GB",
				"OS":"Android 7.0",
				"Storage":"32GB",
				"Rear Camera": "16-megapixel",
				"price":16000,
				"description":"Featuring a Qualcomm Snapdragon 430 octa-core processor, 4 GB RAM, 32 GB of internal memory and a 4000 mAh battery, the Lenovo Vibe K6 smartphone is well-equipped to deliver a power-packed performance. The Adreno 505 GPU lets you enjoy fast and smooth gaming sessions. The 12.7 cm full HD IPS display brings all your images and videos to life. Smile to the 13 MP rear camera and 8 MP front camera for stunning photos. To top it off, the fingerprint reader keeps all your data safe."
            	},
            "Honor 6x Gold":{
            	"imageUrl":"honor6",
            	"Display": "5inch",
				"Processor":"1.1GHz octa-core",
				"Front Camera":"18-megapixel.", 
				"Resolution":"1080x1920 pixels",
				"RAM":"3GB",
				"OS":"Android 7.0",
				"Storage":"64GB",
				"Rear Camera": "18-megapixel",
				"price":18000,
				"description":"Featuring a Qualcomm Snapdragon 430 octa-core processor, 4 GB RAM, 32 GB of internal memory and a 4000 mAh battery, the Lenovo Vibe K6 smartphone is well-equipped to deliver a power-packed performance. The Adreno 505 GPU lets you enjoy fast and smooth gaming sessions. The 12.7 cm full HD IPS display brings all your images and videos to life. Smile to the 13 MP rear camera and 8 MP front camera for stunning photos. To top it off, the fingerprint reader keeps all your data safe."
            	},
            "Google Pixel":{
            	"imageUrl":"google",
            	"Display": "5.5 inch",
				"Processor":"4.1GHz octa-core",
				"Front Camera":"18-megapixel.", 
				"Resolution":"1080x1920 pixels",
				"RAM":"4GB",
				"OS":"Android 7.0",
				"Storage":"128GB",
				"Rear Camera": "24-megapixel",
				"price":57000,
				"description":"Featuring a Qualcomm Snapdragon 430 octa-core processor, 4 GB RAM, 32 GB of internal memory and a 4000 mAh battery, the Lenovo Vibe K6 smartphone is well-equipped to deliver a power-packed performance. The Adreno 505 GPU lets you enjoy fast and smooth gaming sessions. The 12.7 cm full HD IPS display brings all your images and videos to life. Smile to the 13 MP rear camera and 8 MP front camera for stunning photos. To top it off, the fingerprint reader keeps all your data safe."
            	},
            "Vertue":{
            	"imageUrl":"vertue",
            	"Display": "6 inch",
				"Processor":"4.1GHz octa-core",
				"Front Camera":"18-megapixel.", 
				"Resolution":"1080x1920 pixels",
				"RAM":"6GB",
				"OS":"Android 7.0",
				"Storage":"128GB",
				"Rear Camera": "24-megapixel",
				"price":100000,
				"description":"Featuring a Qualcomm Snapdragon 430 octa-core processor, 4 GB RAM, 32 GB of internal memory and a 4000 mAh battery, the Lenovo Vibe K6 smartphone is well-equipped to deliver a power-packed performance. The Adreno 505 GPU lets you enjoy fast and smooth gaming sessions. The 12.7 cm full HD IPS display brings all your images and videos to life. Smile to the 13 MP rear camera and 8 MP front camera for stunning photos. To top it off, the fingerprint reader keeps all your data safe."
            }
        },
        "Watches": {
            "Rolex":{
            		"imageUrl":"rolex",
            		"price":12000,
					"Style Code":"Lcs-4048 Chronograph Pattern",
					"Occasion":"Casual, Formal, Party-Wedding",
					"Watch Type":"Wrist Watch",
					"Pack of":1,
					"Sales":"Package",
					"Shock Resistance":"No",
					"description":"Equipped with a Japanese Technology mechanism and with a chronograph pattern, this silver analog men’s watch delivers on both style and functionality."
            	},
            "Titan":{
            		"imageUrl":"titan",
            		"price":22000,
					"Style Code":"Lcs-4048 Chronograph Pattern",
					"Occasion":"Casual, Formal, Party-Wedding",
					"Watch Type":"Wrist Watch",
					"Pack of":1,
					"Sales":"Package",
					"Shock Resistance":"yes",
					"description":"Equipped with a Japanese Technology mechanism and with a chronograph pattern, this silver analog men’s watch delivers on both style and functionality."
            	},
            "Armani":{
            		"imageUrl":"armani",
            		"price":26000,
					"Style Code":"Lcs-4048 Chronograph Pattern",
					"Occasion":"Casual, Formal, Party-Wedding",
					"Watch Type":"Wrist Watch",
					"Pack of":1,
					"Sales":"Package",
					"Shock Resistance":"yes",
					"description":"Equipped with a Japanese Technology mechanism and with a chronograph pattern, this silver analog men’s watch delivers on both style and functionality."
            	},
            "Fasttrack":{
            		"imageUrl":"Fasttrack",
            		"price":2600,
					"Style Code":"Lcs-4048 Chronograph Pattern",
					"Occasion":"Casual, Formal, Party-Wedding",
					"Watch Type":"Wrist Watch",
					"Pack of":1,
					"Sales":"Package",
					"Shock Resistance":"no",
					"description":"Equipped with a Japanese Technology mechanism and with a chronograph pattern, this silver analog men’s watch delivers on both style and functionality."
            }
        },
        "Clothes": {
            "Adidas":{
            		"imageUrl":"adidas",
	            	"Fabric": "Polyster",
					"Regular Fit":"Polo Neck T-shirt",
					"Pattern":"Solid",
					"Sleeve Type":"Narrow Short Sleeve",
					"price":1019
            	},
            "puma":{
            		"imageUrl":"puma",
	            	"Fabric": "Polyster",
					"Regular Fit":"puma Neck T-shirt",
					"Pattern":"Solid",
					"Sleeve Type":"Narrow Short Sleeve",
					"price":2000
            	},
            "Levi":{
            		"imageUrl":"levi",
	            	"Fabric": "Polyster",
					"Regular Fit":"levi Neck T-shirt",
					"Pattern":"Solid",
					"Sleeve Type":"Narrow Short Sleeve",
					"price":12000
            	},
            "kappa":{
            		"imageUrl":"kappa",
	            	"Fabric": "Polyster",
					"Regular Fit":"kappa Neck T-shirt",
					"Pattern":"Solid",
					"Sleeve Type":"Narrow Short Sleeve",
					"price":24000
            }

        },
        "Accessories": {
		            
	            "Skull Candy headset":{
	            	"imageUrl":"skullcandy",
		            "compaitable":"Mobile, Tablet",
					"Design": "Canalphone|Type: In the Ear",
					"Wired":"yes",
					"price":12000
            	},
	            "Sandisk":{
		            "imageUrl":"sandisk",
		            "compaitable":"Mobile, Tablet",
					"Design": "Canalphone|Type: In the Ear",
					"Wired":"yes",
					"price":1000
            	},
            "Ambrane":{
		            "imageUrl":"ambrane",
		            "compaitable":"Mobile, Tablet",
					"Design": "Canalphone|Type: In the Ear",
					"Wired":"yes",
					"price":1000
            	}
        }
    }
}