{
	"title":"ONE STOP SHOP",
	"navitem":[
				{"navTitle":"Home","navLink":"/"},
				{"navTitle":"Clothings","navLink":"cloth"},
				{"navTitle":"Electronics","navLink":"buyNow"},
				{"navTitle":"Watches","navLink":"watch"}
			],
	"footerContent":[
						{"footerTitle":"MONEY BACK","content":"30days moneyback gurantee"},
						{"footerTitle":"FREE SHIPPING","content":"shipping on orders over 99"},
						{"footerTitle":"SPECIAL SALE","content":"Extra $5 off on all items"}
					],
					
	"imageUrl":["../app/images/Mobiles.jpg","../app/images/google.jpg","../app/images/accessories.jpg","../app/images/Mobiles.jpg","../app/images/Mobiles.jpg"]				
					
}
